<annotation>
	<folder>train_data</folder>
	<filename>00014.jpg</filename>
	<path>D:\DOC_EXTRACT\Mask_RCNN\M-rcnn\Dataset_not_resized\train_data\00014.jpg</path>
	<source>
		<database>Unknown</database>
	</source>
	<size>
		<width>2480</width>
		<height>3838</height>
		<depth>3</depth>
	</size>
	<segmented>0</segmented>
	<object>
		<name>table</name>
		<pose>Unspecified</pose>
		<truncated>0</truncated>
		<difficult>0</difficult>
		<bndbox>
			<xmin>231</xmin>
			<ymin>1342</ymin>
			<xmax>2190</xmax>
			<ymax>1930</ymax>
		</bndbox>
	</object>
	<object>
		<name>table</name>
		<pose>Unspecified</pose>
		<truncated>0</truncated>
		<difficult>0</difficult>
		<bndbox>
			<xmin>243</xmin>
			<ymin>1192</ymin>
			<xmax>2291</xmax>
			<ymax>1311</ymax>
		</bndbox>
	</object>
	<object>
		<name>table</name>
		<pose>Unspecified</pose>
		<truncated>0</truncated>
		<difficult>0</difficult>
		<bndbox>
			<xmin>232</xmin>
			<ymin>1000</ymin>
			<xmax>2429</xmax>
			<ymax>1173</ymax>
		</bndbox>
	</object>
</annotation>
