<annotation>
	<folder>train_data</folder>
	<filename>000142.jpg</filename>
	<path>D:\DOC_EXTRACT\Mask_RCNN\M-rcnn\Dataset_not_resized\train_data\000142.jpg</path>
	<source>
		<database>Unknown</database>
	</source>
	<size>
		<width>1563</width>
		<height>2688</height>
		<depth>3</depth>
	</size>
	<segmented>0</segmented>
	<object>
		<name>table</name>
		<pose>Unspecified</pose>
		<truncated>0</truncated>
		<difficult>0</difficult>
		<bndbox>
			<xmin>147</xmin>
			<ymin>858</ymin>
			<xmax>1336</xmax>
			<ymax>1212</ymax>
		</bndbox>
	</object>
	<object>
		<name>table</name>
		<pose>Unspecified</pose>
		<truncated>0</truncated>
		<difficult>0</difficult>
		<bndbox>
			<xmin>151</xmin>
			<ymin>768</ymin>
			<xmax>1388</xmax>
			<ymax>838</ymax>
		</bndbox>
	</object>
	<object>
		<name>table</name>
		<pose>Unspecified</pose>
		<truncated>0</truncated>
		<difficult>0</difficult>
		<bndbox>
			<xmin>151</xmin>
			<ymin>655</ymin>
			<xmax>1473</xmax>
			<ymax>760</ymax>
		</bndbox>
	</object>
</annotation>
