<annotation>
	<folder>train_data</folder>
	<filename>000100.jpg</filename>
	<path>D:\DOC_EXTRACT\Mask_RCNN\M-rcnn\Dataset_not_resized\train_data\000100.jpg</path>
	<source>
		<database>Unknown</database>
	</source>
	<size>
		<width>1125</width>
		<height>1920</height>
		<depth>3</depth>
	</size>
	<segmented>0</segmented>
	<object>
		<name>table</name>
		<pose>Unspecified</pose>
		<truncated>0</truncated>
		<difficult>0</difficult>
		<bndbox>
			<xmin>119</xmin>
			<ymin>612</ymin>
			<xmax>978</xmax>
			<ymax>845</ymax>
		</bndbox>
	</object>
	<object>
		<name>table</name>
		<pose>Unspecified</pose>
		<truncated>0</truncated>
		<difficult>0</difficult>
		<bndbox>
			<xmin>122</xmin>
			<ymin>448</ymin>
			<xmax>1072</xmax>
			<ymax>542</ymax>
		</bndbox>
	</object>
	<object>
		<name>table</name>
		<pose>Unspecified</pose>
		<truncated>0</truncated>
		<difficult>0</difficult>
		<bndbox>
			<xmin>119</xmin>
			<ymin>545</ymin>
			<xmax>1016</xmax>
			<ymax>607</ymax>
		</bndbox>
	</object>
</annotation>
