<annotation>
	<folder>train_data</folder>
	<filename>000178.jpg</filename>
	<path>D:\DOC_EXTRACT\Mask_RCNN\M-rcnn\Dataset_not_resized\train_data\000178.jpg</path>
	<source>
		<database>Unknown</database>
	</source>
	<size>
		<width>9643</width>
		<height>14683</height>
		<depth>1</depth>
	</size>
	<segmented>0</segmented>
	<object>
		<name>table</name>
		<pose>Unspecified</pose>
		<truncated>0</truncated>
		<difficult>0</difficult>
		<bndbox>
			<xmin>559</xmin>
			<ymin>5341</ymin>
			<xmax>8959</xmax>
			<ymax>7066</ymax>
		</bndbox>
	</object>
</annotation>
