<annotation>
	<folder>train_data</folder>
	<filename>000137.jpg</filename>
	<path>D:\DOC_EXTRACT\Mask_RCNN\M-rcnn\Dataset_not_resized\train_data\000137.jpg</path>
	<source>
		<database>Unknown</database>
	</source>
	<size>
		<width>1125</width>
		<height>1926</height>
		<depth>3</depth>
	</size>
	<segmented>0</segmented>
	<object>
		<name>table</name>
		<pose>Unspecified</pose>
		<truncated>0</truncated>
		<difficult>0</difficult>
		<bndbox>
			<xmin>123</xmin>
			<ymin>604</ymin>
			<xmax>978</xmax>
			<ymax>861</ymax>
		</bndbox>
	</object>
	<object>
		<name>table</name>
		<pose>Unspecified</pose>
		<truncated>0</truncated>
		<difficult>0</difficult>
		<bndbox>
			<xmin>126</xmin>
			<ymin>452</ymin>
			<xmax>1075</xmax>
			<ymax>530</ymax>
		</bndbox>
	</object>
	<object>
		<name>table</name>
		<pose>Unspecified</pose>
		<truncated>0</truncated>
		<difficult>0</difficult>
		<bndbox>
			<xmin>121</xmin>
			<ymin>537</ymin>
			<xmax>1021</xmax>
			<ymax>589</ymax>
		</bndbox>
	</object>
</annotation>
