<annotation>
	<folder>train_data</folder>
	<filename>000176.jpg</filename>
	<path>D:\DOC_EXTRACT\Mask_RCNN\M-rcnn\Dataset_not_resized\train_data\000176.jpg</path>
	<source>
		<database>Unknown</database>
	</source>
	<size>
		<width>9643</width>
		<height>16140</height>
		<depth>1</depth>
	</size>
	<segmented>0</segmented>
	<object>
		<name>table</name>
		<pose>Unspecified</pose>
		<truncated>0</truncated>
		<difficult>0</difficult>
		<bndbox>
			<xmin>414</xmin>
			<ymin>5855</ymin>
			<xmax>9229</xmax>
			<ymax>6912</ymax>
		</bndbox>
	</object>
	<object>
		<name>table</name>
		<pose>Unspecified</pose>
		<truncated>0</truncated>
		<difficult>0</difficult>
		<bndbox>
			<xmin>414</xmin>
			<ymin>7198</ymin>
			<xmax>9243</xmax>
			<ymax>9305</ymax>
		</bndbox>
	</object>
	<object>
		<name>table</name>
		<pose>Unspecified</pose>
		<truncated>0</truncated>
		<difficult>0</difficult>
		<bndbox>
			<xmin>414</xmin>
			<ymin>9355</ymin>
			<xmax>9236</xmax>
			<ymax>9677</ymax>
		</bndbox>
	</object>
	<object>
		<name>table</name>
		<pose>Unspecified</pose>
		<truncated>0</truncated>
		<difficult>0</difficult>
		<bndbox>
			<xmin>429</xmin>
			<ymin>9741</ymin>
			<xmax>9243</xmax>
			<ymax>10062</ymax>
		</bndbox>
	</object>
</annotation>
