<annotation>
	<folder>train_data</folder>
	<filename>000150.jpg</filename>
	<path>D:\DOC_EXTRACT\Mask_RCNN\M-rcnn\Dataset_not_resized\train_data\000150.jpg</path>
	<source>
		<database>Unknown</database>
	</source>
	<size>
		<width>1563</width>
		<height>2923</height>
		<depth>3</depth>
	</size>
	<segmented>0</segmented>
	<object>
		<name>table</name>
		<pose>Unspecified</pose>
		<truncated>0</truncated>
		<difficult>0</difficult>
		<bndbox>
			<xmin>81</xmin>
			<ymin>789</ymin>
			<xmax>1509</xmax>
			<ymax>1177</ymax>
		</bndbox>
	</object>
	<object>
		<name>table</name>
		<pose>Unspecified</pose>
		<truncated>0</truncated>
		<difficult>0</difficult>
		<bndbox>
			<xmin>89</xmin>
			<ymin>1218</ymin>
			<xmax>1509</xmax>
			<ymax>1598</ymax>
		</bndbox>
	</object>
</annotation>
