<annotation>
	<folder>train_data</folder>
	<filename>000130.jpg</filename>
	<path>D:\DOC_EXTRACT\Mask_RCNN\M-rcnn\Dataset_not_resized\train_data\000130.jpg</path>
	<source>
		<database>Unknown</database>
	</source>
	<size>
		<width>1563</width>
		<height>2698</height>
		<depth>3</depth>
	</size>
	<segmented>0</segmented>
	<object>
		<name>table</name>
		<pose>Unspecified</pose>
		<truncated>0</truncated>
		<difficult>0</difficult>
		<bndbox>
			<xmin>173</xmin>
			<ymin>630</ymin>
			<xmax>1501</xmax>
			<ymax>755</ymax>
		</bndbox>
	</object>
	<object>
		<name>table</name>
		<pose>Unspecified</pose>
		<truncated>0</truncated>
		<difficult>0</difficult>
		<bndbox>
			<xmin>170</xmin>
			<ymin>773</ymin>
			<xmax>1416</xmax>
			<ymax>838</ymax>
		</bndbox>
	</object>
	<object>
		<name>table</name>
		<pose>Unspecified</pose>
		<truncated>0</truncated>
		<difficult>0</difficult>
		<bndbox>
			<xmin>170</xmin>
			<ymin>864</ymin>
			<xmax>1355</xmax>
			<ymax>1212</ymax>
		</bndbox>
	</object>
</annotation>
