<annotation>
	<folder>train_data</folder>
	<filename>000160.jpg</filename>
	<path>D:\DOC_EXTRACT\Mask_RCNN\M-rcnn\Dataset_not_resized\train_data\000160.jpg</path>
	<source>
		<database>Unknown</database>
	</source>
	<size>
		<width>1563</width>
		<height>2917</height>
		<depth>3</depth>
	</size>
	<segmented>0</segmented>
	<object>
		<name>table</name>
		<pose>Unspecified</pose>
		<truncated>0</truncated>
		<difficult>0</difficult>
		<bndbox>
			<xmin>106</xmin>
			<ymin>1057</ymin>
			<xmax>1464</xmax>
			<ymax>1488</ymax>
		</bndbox>
	</object>
	<object>
		<name>table</name>
		<pose>Unspecified</pose>
		<truncated>0</truncated>
		<difficult>0</difficult>
		<bndbox>
			<xmin>101</xmin>
			<ymin>1536</ymin>
			<xmax>1456</xmax>
			<ymax>1822</ymax>
		</bndbox>
	</object>
</annotation>
