<annotation>
	<folder>train_data</folder>
	<filename>000204.jpg</filename>
	<path>D:\DOC_EXTRACT\Mask_RCNN\M-rcnn\Dataset_not_resized\train_data\000204.jpg</path>
	<source>
		<database>Unknown</database>
	</source>
	<size>
		<width>1563</width>
		<height>2902</height>
		<depth>3</depth>
	</size>
	<segmented>0</segmented>
	<object>
		<name>table</name>
		<pose>Unspecified</pose>
		<truncated>0</truncated>
		<difficult>0</difficult>
		<bndbox>
			<xmin>64</xmin>
			<ymin>904</ymin>
			<xmax>1494</xmax>
			<ymax>1052</ymax>
		</bndbox>
	</object>
	<object>
		<name>table</name>
		<pose>Unspecified</pose>
		<truncated>0</truncated>
		<difficult>0</difficult>
		<bndbox>
			<xmin>67</xmin>
			<ymin>1096</ymin>
			<xmax>1500</xmax>
			<ymax>1571</ymax>
		</bndbox>
	</object>
	<object>
		<name>table</name>
		<pose>Unspecified</pose>
		<truncated>0</truncated>
		<difficult>0</difficult>
		<bndbox>
			<xmin>67</xmin>
			<ymin>1575</ymin>
			<xmax>1498</xmax>
			<ymax>1637</ymax>
		</bndbox>
	</object>
</annotation>
