<annotation>
	<folder>train_data</folder>
	<filename>000299.jpg</filename>
	<path>D:\DOC_EXTRACT\Mask_RCNN\M-rcnn\Dataset_not_resized\train_data\000299.jpg</path>
	<source>
		<database>Unknown</database>
	</source>
	<size>
		<width>2641</width>
		<height>3510</height>
		<depth>3</depth>
	</size>
	<segmented>0</segmented>
	<object>
		<name>table</name>
		<pose>Unspecified</pose>
		<truncated>0</truncated>
		<difficult>0</difficult>
		<bndbox>
			<xmin>106</xmin>
			<ymin>360</ymin>
			<xmax>2545</xmax>
			<ymax>1060</ymax>
		</bndbox>
	</object>
	<object>
		<name>table</name>
		<pose>Unspecified</pose>
		<truncated>0</truncated>
		<difficult>0</difficult>
		<bndbox>
			<xmin>123</xmin>
			<ymin>1094</ymin>
			<xmax>2534</xmax>
			<ymax>1644</ymax>
		</bndbox>
	</object>
	<object>
		<name>table</name>
		<pose>Unspecified</pose>
		<truncated>0</truncated>
		<difficult>0</difficult>
		<bndbox>
			<xmin>123</xmin>
			<ymin>2477</ymin>
			<xmax>2556</xmax>
			<ymax>2666</ymax>
		</bndbox>
	</object>
</annotation>
