<annotation>
	<folder>train_data</folder>
	<filename>000265.jpg</filename>
	<path>D:\DOC_EXTRACT\Mask_RCNN\M-rcnn\Dataset_not_resized\train_data\000265.jpg</path>
	<source>
		<database>Unknown</database>
	</source>
	<size>
		<width>1125</width>
		<height>1616</height>
		<depth>3</depth>
	</size>
	<segmented>0</segmented>
	<object>
		<name>table</name>
		<pose>Unspecified</pose>
		<truncated>0</truncated>
		<difficult>0</difficult>
		<bndbox>
			<xmin>58</xmin>
			<ymin>330</ymin>
			<xmax>1068</xmax>
			<ymax>605</ymax>
		</bndbox>
	</object>
	<object>
		<name>table</name>
		<pose>Unspecified</pose>
		<truncated>0</truncated>
		<difficult>0</difficult>
		<bndbox>
			<xmin>63</xmin>
			<ymin>608</ymin>
			<xmax>1068</xmax>
			<ymax>888</ymax>
		</bndbox>
	</object>
	<object>
		<name>table</name>
		<pose>Unspecified</pose>
		<truncated>0</truncated>
		<difficult>0</difficult>
		<bndbox>
			<xmin>63</xmin>
			<ymin>898</ymin>
			<xmax>1061</xmax>
			<ymax>1048</ymax>
		</bndbox>
	</object>
</annotation>
