<annotation>
	<folder>train_data</folder>
	<filename>000300.jpg</filename>
	<path>D:\DOC_EXTRACT\Mask_RCNN\M-rcnn\Dataset_not_resized\train_data\000300.jpg</path>
	<source>
		<database>Unknown</database>
	</source>
	<size>
		<width>2641</width>
		<height>3510</height>
		<depth>3</depth>
	</size>
	<segmented>0</segmented>
	<object>
		<name>table</name>
		<pose>Unspecified</pose>
		<truncated>0</truncated>
		<difficult>0</difficult>
		<bndbox>
			<xmin>112</xmin>
			<ymin>355</ymin>
			<xmax>2545</xmax>
			<ymax>1060</ymax>
		</bndbox>
	</object>
	<object>
		<name>table</name>
		<pose>Unspecified</pose>
		<truncated>0</truncated>
		<difficult>0</difficult>
		<bndbox>
			<xmin>129</xmin>
			<ymin>1094</ymin>
			<xmax>2534</xmax>
			<ymax>1638</ymax>
		</bndbox>
	</object>
	<object>
		<name>table</name>
		<pose>Unspecified</pose>
		<truncated>0</truncated>
		<difficult>0</difficult>
		<bndbox>
			<xmin>117</xmin>
			<ymin>2622</ymin>
			<xmax>2545</xmax>
			<ymax>2855</ymax>
		</bndbox>
	</object>
</annotation>
