<annotation>
	<folder>train_data</folder>
	<filename>000306.jpg</filename>
	<path>D:\DOC_EXTRACT\Mask_RCNN\M-rcnn\Dataset_not_resized\train_data\000306.jpg</path>
	<source>
		<database>Unknown</database>
	</source>
	<size>
		<width>2641</width>
		<height>3510</height>
		<depth>3</depth>
	</size>
	<segmented>0</segmented>
	<object>
		<name>table</name>
		<pose>Unspecified</pose>
		<truncated>0</truncated>
		<difficult>0</difficult>
		<bndbox>
			<xmin>101</xmin>
			<ymin>394</ymin>
			<xmax>2556</xmax>
			<ymax>1060</ymax>
		</bndbox>
	</object>
	<object>
		<name>table</name>
		<pose>Unspecified</pose>
		<truncated>0</truncated>
		<difficult>0</difficult>
		<bndbox>
			<xmin>106</xmin>
			<ymin>1105</ymin>
			<xmax>2551</xmax>
			<ymax>1749</ymax>
		</bndbox>
	</object>
	<object>
		<name>table</name>
		<pose>Unspecified</pose>
		<truncated>0</truncated>
		<difficult>0</difficult>
		<bndbox>
			<xmin>95</xmin>
			<ymin>1772</ymin>
			<xmax>2556</xmax>
			<ymax>2155</ymax>
		</bndbox>
	</object>
</annotation>
