<annotation>
	<folder>train_data</folder>
	<filename>000302.jpg</filename>
	<path>D:\DOC_EXTRACT\Mask_RCNN\M-rcnn\Dataset_not_resized\train_data\000302.jpg</path>
	<source>
		<database>Unknown</database>
	</source>
	<size>
		<width>2641</width>
		<height>3510</height>
		<depth>3</depth>
	</size>
	<segmented>0</segmented>
	<object>
		<name>table</name>
		<pose>Unspecified</pose>
		<truncated>0</truncated>
		<difficult>0</difficult>
		<bndbox>
			<xmin>112</xmin>
			<ymin>394</ymin>
			<xmax>2551</xmax>
			<ymax>1060</ymax>
		</bndbox>
	</object>
	<object>
		<name>table</name>
		<pose>Unspecified</pose>
		<truncated>0</truncated>
		<difficult>0</difficult>
		<bndbox>
			<xmin>112</xmin>
			<ymin>1099</ymin>
			<xmax>2545</xmax>
			<ymax>1755</ymax>
		</bndbox>
	</object>
	<object>
		<name>table</name>
		<pose>Unspecified</pose>
		<truncated>0</truncated>
		<difficult>0</difficult>
		<bndbox>
			<xmin>112</xmin>
			<ymin>1783</ymin>
			<xmax>2529</xmax>
			<ymax>2127</ymax>
		</bndbox>
	</object>
	<object>
		<name>table</name>
		<pose>Unspecified</pose>
		<truncated>0</truncated>
		<difficult>0</difficult>
		<bndbox>
			<xmin>95</xmin>
			<ymin>2983</ymin>
			<xmax>2545</xmax>
			<ymax>3127</ymax>
		</bndbox>
	</object>
</annotation>
