<annotation>
	<folder>train_data</folder>
	<filename>000311.jpg</filename>
	<path>D:\DOC_EXTRACT\Mask_RCNN\M-rcnn\Dataset_not_resized\train_data\000311.jpg</path>
	<source>
		<database>Unknown</database>
	</source>
	<size>
		<width>2641</width>
		<height>3510</height>
		<depth>3</depth>
	</size>
	<segmented>0</segmented>
	<object>
		<name>table</name>
		<pose>Unspecified</pose>
		<truncated>0</truncated>
		<difficult>0</difficult>
		<bndbox>
			<xmin>101</xmin>
			<ymin>355</ymin>
			<xmax>2556</xmax>
			<ymax>1077</ymax>
		</bndbox>
	</object>
	<object>
		<name>table</name>
		<pose>Unspecified</pose>
		<truncated>0</truncated>
		<difficult>0</difficult>
		<bndbox>
			<xmin>112</xmin>
			<ymin>1094</ymin>
			<xmax>2529</xmax>
			<ymax>1622</ymax>
		</bndbox>
	</object>
	<object>
		<name>table</name>
		<pose>Unspecified</pose>
		<truncated>0</truncated>
		<difficult>0</difficult>
		<bndbox>
			<xmin>112</xmin>
			<ymin>2477</ymin>
			<xmax>2540</xmax>
			<ymax>2688</ymax>
		</bndbox>
	</object>
</annotation>
