<annotation>
	<folder>train_data</folder>
	<filename>00058.jpg</filename>
	<path>D:\DOC_EXTRACT\Mask_RCNN\M-rcnn\Dataset_not_resized\train_data\00058.jpg</path>
	<source>
		<database>Unknown</database>
	</source>
	<size>
		<width>2479</width>
		<height>3500</height>
		<depth>3</depth>
	</size>
	<segmented>0</segmented>
	<object>
		<name>table</name>
		<pose>Unspecified</pose>
		<truncated>0</truncated>
		<difficult>0</difficult>
		<bndbox>
			<xmin>91</xmin>
			<ymin>970</ymin>
			<xmax>2385</xmax>
			<ymax>1279</ymax>
		</bndbox>
	</object>
	<object>
		<name>table</name>
		<pose>Unspecified</pose>
		<truncated>0</truncated>
		<difficult>0</difficult>
		<bndbox>
			<xmin>94</xmin>
			<ymin>1342</ymin>
			<xmax>2388</xmax>
			<ymax>2073</ymax>
		</bndbox>
	</object>
	<object>
		<name>table</name>
		<pose>Unspecified</pose>
		<truncated>0</truncated>
		<difficult>0</difficult>
		<bndbox>
			<xmin>93</xmin>
			<ymin>2460</ymin>
			<xmax>2380</xmax>
			<ymax>2545</ymax>
		</bndbox>
	</object>
	<object>
		<name>table</name>
		<pose>Unspecified</pose>
		<truncated>0</truncated>
		<difficult>0</difficult>
		<bndbox>
			<xmin>91</xmin>
			<ymin>2315</ymin>
			<xmax>1259</xmax>
			<ymax>2409</ymax>
		</bndbox>
	</object>
</annotation>
