<annotation>
	<folder>train_data</folder>
	<filename>00074.jpg</filename>
	<path>D:\DOC_EXTRACT\Mask_RCNN\M-rcnn\Dataset_not_resized\train_data\00074.jpg</path>
	<source>
		<database>Unknown</database>
	</source>
	<size>
		<width>2480</width>
		<height>3500</height>
		<depth>3</depth>
	</size>
	<segmented>0</segmented>
	<object>
		<name>table</name>
		<pose>Unspecified</pose>
		<truncated>0</truncated>
		<difficult>0</difficult>
		<bndbox>
			<xmin>63</xmin>
			<ymin>765</ymin>
			<xmax>2424</xmax>
			<ymax>1026</ymax>
		</bndbox>
	</object>
	<object>
		<name>table</name>
		<pose>Unspecified</pose>
		<truncated>0</truncated>
		<difficult>0</difficult>
		<bndbox>
			<xmin>55</xmin>
			<ymin>1078</ymin>
			<xmax>2433</xmax>
			<ymax>1757</ymax>
		</bndbox>
	</object>
</annotation>
