<annotation>
	<folder>train_data</folder>
	<filename>0007.jpg</filename>
	<path>D:\DOC_EXTRACT\Mask_RCNN\M-rcnn\Dataset_not_resized\train_data\0007.jpg</path>
	<source>
		<database>Unknown</database>
	</source>
	<size>
		<width>2480</width>
		<height>3509</height>
		<depth>3</depth>
	</size>
	<segmented>0</segmented>
	<object>
		<name>table</name>
		<pose>Unspecified</pose>
		<truncated>0</truncated>
		<difficult>0</difficult>
		<bndbox>
			<xmin>182</xmin>
			<ymin>944</ymin>
			<xmax>2248</xmax>
			<ymax>1063</ymax>
		</bndbox>
	</object>
	<object>
		<name>table</name>
		<pose>Unspecified</pose>
		<truncated>0</truncated>
		<difficult>0</difficult>
		<bndbox>
			<xmin>173</xmin>
			<ymin>1099</ymin>
			<xmax>2245</xmax>
			<ymax>1235</ymax>
		</bndbox>
	</object>
</annotation>
