{
  "n00007846": "person",
  "n01443537": "goldfish",
  "n01495701": "ray",
  "n01503061": "bird",
  "n01639765": "frog",
  "n01662784": "turtle",
  "n01674464": "lizard",
  "n01726692": "snake",
  "n01770393": "scorpion",
  "n01776313": "tick",
  "n01784675": "centipede",
  "n01882714": "koala_bear",
  "n01910747": "jellyfish",
  "n01944390": "snail",
  "n01982650": "lobster",
  "n01990800": "isopod",
  "n02062744": "whale",
  "n02076196": "seal",
  "n02084071": "dog",
  "n02118333": "fox",
  "n02121808": "domestic_cat",
  "n02129165": "lion",
  "n02129604": "tiger",
  "n02131653": "bear",
  "n02165456": "ladybug",
  "n02206856": "bee",
  "n02219486": "ant",
  "n02268443": "dragonfly",
  "n02274259": "butterfly",
  "n02317335": "starfish",
  "n02324045": "rabbit",
  "n02342885": "hamster",
  "n02346627": "porcupine",
  "n02355227": "squirrel",
  "n02374451": "horse",
  "n02391049": "zebra",
  "n02395003": "swine",
  "n02398521": "hippopotamus",
  "n02402425": "cattle",
  "n02411705": "sheep",
  "n02419796": "antelope",
  "n02437136": "camel",
  "n02444819": "otter",
  "n02445715": "skunk",
  "n02454379": "armadillo",
  "n02484322": "monkey",
  "n02503517": "elephant",
  "n02509815": "red_panda",
  "n02510455": "giant_panda",
  "n02672831": "accordion",
  "n02691156": "airplane",
  "n02764044": "axe",
  "n02766320": "baby_bed",
  "n02769748": "backpack",
  "n02777292": "balance_beam",
  "n02786058": "band_aid",
  "n02787622": "banjo",
  "n02799071": "baseball",
  "n02802426": "basketball",
  "n02807133": "bathing_cap",
  "n02815834": "beaker",
  "n02828884": "bench",
  "n02834778": "bicycle",
  "n02840245": "binder",
  "n02870880": "bookshelf",
  "n02879718": "bow",
  "n02880940": "bowl",
  "n02883205": "bow_tie",
  "n02892767": "brassiere",
  "n02924116": "bus",
  "n02951585": "can_opener",
  "n02958343": "car",
  "n02970849": "cart",
  "n02992211": "cello",
  "n03000684": "chain_saw",
  "n03001627": "chair",
  "n03017168": "chime",
  "n03062245": "cocktail_shaker",
  "n03063338": "coffee_maker",
  "n03085013": "computer_keyboard",
  "n03109150": "corkscrew",
  "n03110669": "trumpet",
  "n03124170": "hat_with_a_wide_brim",
  "n03128519": "cream",
  "n03134739": "croquet_ball",
  "n03141823": "crutch",
  "n03188531": "diaper",
  "n03196217": "digital_clock",
  "n03207941": "dishwasher",
  "n03211117": "tv_or_monitor",
  "n03249569": "drum",
  "n03255030": "dumbbell",
  "n03271574": "electric_fan",
  "n03314780": "face_powder",
  "n03337140": "filing_cabinet",
  "n03372029": "flute",
  "n03394916": "french_horn",
  "n03400231": "frying_pan",
  "n03445777": "golf_ball",
  "n03445924": "golfcart",
  "n03467517": "guitar",
  "n03476991": "hair_spray",
  "n03481172": "hammer",
  "n03483316": "hair_dryer",
  "n03494278": "harmonica",
  "n03495258": "harp",
  "n03513137": "helmet",
  "n03535780": "horizontal_bar",
  "n03584254": "ipod",
  "n03633091": "ladle",
  "n03636649": "lamp",
  "n03642806": "laptop",
  "n03676483": "lipstick",
  "n03710721": "maillot",
  "n03720891": "maraca",
  "n03759954": "microphone",
  "n03761084": "microwave",
  "n03764736": "milk_can",
  "n03770439": "miniskirt",
  "n03790512": "motorcycle",
  "n03793489": "computer_mouse",
  "n03797390": "cup_or_mug",
  "n03804744": "nail",
  "n03814639": "neck_brace",
  "n03838899": "oboe",
  "n03908618": "pencil_box",
  "n03908714": "pencil_sharpener",
  "n03916031": "perfume",
  "n03928116": "piano",
  "n03942813": "ping-pong_ball",
  "n03950228": "pitcher",
  "n03958227": "plastic_bag",
  "n03961711": "plate_rack",
  "n03991062": "flower_pot",
  "n03995372": "power_drill",
  "n04004767": "printer",
  "n04019541": "puck",
  "n04023962": "punching_bag",
  "n04026417": "purse",
  "n04039381": "racket",
  "n04070727": "refrigerator",
  "n04074963": "remote_control",
  "n04116512": "rubber_eraser",
  "n04118538": "rugby_ball",
  "n04118776": "ruler",
  "n04131690": "salt_or_pepper_shaker",
  "n04141076": "saxophone",
  "n04154565": "screwdriver",
  "n04228054": "ski",
  "n04252077": "snowmobile",
  "n04252225": "snowplow",
  "n04254120": "soap_dispenser",
  "n04254680": "soccer_ball",
  "n04256520": "sofa",
  "n04270147": "spatula",
  "n04317175": "stethoscope",
  "n04330267": "stove",
  "n04332243": "strainer",
  "n04336792": "stretcher",
  "n04356056": "sunglasses",
  "n04371430": "swimming_trunks",
  "n04376876": "syringe",
  "n04379243": "table",
  "n04392985": "tape_player",
  "n04409515": "tennis_ball",
  "n04442312": "toaster",
  "n04468005": "train",
  "n04487394": "trombone",
  "n04509417": "unicycle",
  "n04517823": "vacuum",
  "n04530566": "watercraft",
  "n04536866": "violin",
  "n04540053": "volleyball",
  "n04542943": "waffle_iron",
  "n04554684": "washer",
  "n04557648": "water_bottle",
  "n04591157": "tie",
  "n04591713": "wine_bottle",
  "n06874185": "traffic_light",
  "n07583066": "guacamole",
  "n07615774": "popsicle",
  "n07693725": "bagel",
  "n07695742": "pretzel",
  "n07697100": "hamburger",
  "n07697537": "hotdog",
  "n07714571": "head_cabbage",
  "n07718472": "cucumber",
  "n07718747": "artichoke",
  "n07720875": "bell_pepper",
  "n07734744": "mushroom",
  "n07739125": "apple",
  "n07745940": "strawberry",
  "n07747607": "orange",
  "n07749582": "lemon",
  "n07753113": "fig",
  "n07753275": "pineapple",
  "n07753592": "banana",
  "n07768694": "pomegranate",
  "n07873807": "pizza",
  "n07880968": "burrito"
}
